Workbook

Sheet Dashboard
A1: YES24 IT/모바일 베스트셀러 분석 대시보드
B4: 총 베스트셀러 도서 수 | C4: 평균 판매가 | D4: 평균 할인율 | E4: 최고 판매지수
B5: =COUNTA(Data!C2:C1001) | C5: =AVERAGE(Data!H2:H1001) | D5: =AVERAGE(Data!J2:J1001) | E5: =MAX(Data!K2:K1001)
A8: 🏢 출판사별 베스트셀러 요약 (Top 10) | E8: 📅 연도별 도서 등록 분포
A9: 출판사 | B9: 도서 수 | C9: 평균 판매지수 | E9: 출판연도 | F9: 도서 수
A10: 한빛미디어 | B10: =COUNTIF(Data!$F$2:$F$1001, A10) | C10: =AVERAGEIF(Data!$F$2:$F$1001, A10, Data!$K$2:$K$1001) | E10: 2021 | F10: =COUNTIF(Data!$L$2:$L$1001, E10)
A11: 길벗 | B11: =COUNTIF(Data!$F$2:$F$1001, A11) | C11: =AVERAGEIF(Data!$F$2:$F$1001, A11, Data!$K$2:$K$1001) | E11: 2022 | F11: =COUNTIF(Data!$L$2:$L$1001, E11)
A12: 이지스퍼블리싱 | B12: =COUNTIF(Data!$F$2:$F$1001, A12) | C12: =AVERAGEIF(Data!$F$2:$F$1001, A12, Data!$K$2:$K$1001) | E12: 2023 | F12: =COUNTIF(Data!$L$2:$L$1001, E12)
A13: 커뮤니케이션북스 | B13: =COUNTIF(Data!$F$2:$F$1001, A13) | C13: =AVERAGEIF(Data!$F$2:$F$1001, A13, Data!$K$2:$K$1001) | E13: 2024 | F13: =COUNTIF(Data!$L$2:$L$1001, E13)
A14: 골든래빗 | B14: =COUNTIF(Data!$F$2:$F$1001, A14) | C14: =AVERAGEIF(Data!$F$2:$F$1001, A14, Data!$K$2:$K$1001) | E14: 2025 | F14: =COUNTIF(Data!$L$2:$L$1001, E14)
A15: 영진닷컴 | B15: =COUNTIF(Data!$F$2:$F$1001, A15) | C15: =AVERAGEIF(Data!$F$2:$F$1001, A15, Data!$K$2:$K$1001) | E15: 2026 | F15: =COUNTIF(Data!$L$2:$L$1001, E15)
A16: 제이펍 | B16: =COUNTIF(Data!$F$2:$F$1001, A16) | C16: =AVERAGEIF(Data!$F$2:$F$1001, A16, Data!$K$2:$K$1001)
A17: 앤써북 | B17: =COUNTIF(Data!$F$2:$F$1001, A17) | C17: =AVERAGEIF(Data!$F$2:$F$1001, A17, Data!$K$2:$K$1001)
A18: 위키북스 | B18: =COUNTIF(Data!$F$2:$F$1001, A18) | C18: =AVERAGEIF(Data!$F$2:$F$1001, A18, Data!$K$2:$K$1001)
A19: 인사이트(insight) | B19: =COUNTIF(Data!$F$2:$F$1001, A19) | C19: =AVERAGEIF(Data!$F$2:$F$1001, A19, Data!$K$2:$K$1001)

Sheet Data
A1: 순위 | B1: 도서번호 | C1: 도서명 | D1: 링크 | E1: 저자 | F1: 출판사 | G1: 출판일 | H1: 판매가 | I1: 정가 | J1: 할인율 | K1: 판매지수 | L1: 출판연도 | M1: 내용 | N1: 이미지
A2: 1 | B2: 189114943 | C2: 바로바로 클로드 with 코워크, 스킬, 클로드 코드, 디자인 | D2: https://www.yes24.com/product/goods/189114943 | E2: 차진우 | F2: 골든래빗 | G2: 2026년 05월 | H2: 25200 | I2: 28000 | J2: 0.1 | K2: 38511 | L2: 2026 | M2: 바로바로 클로드 with 코워크, 스킬, 클로드 코드, 디자인. * 코워크, 스킬, 클로드 코드, 디자인까지, 클로드의 모든 것을 한 권에!* 바로 배워 바로 쓰는 82가지 미친 활용법으로 10배 빨라지는 업무 속도* 말 한마디면 알아서 다 하는 진짜 AI 비... | N2: https://image.yes24.com/goods/189114943/xl
A3: 2 | B3: 167573138 | C3: 혼자 공부하는 바이브 코딩 with 클로드 코드 | D3: https://www.yes24.com/product/goods/167573138 | E3: 조태호 | F3: 한빛미디어 | G3: 2025년 12월 | H3: 27000 | I3: 30000 | J3: 0.1 | K3: 80778 | L3: 2025 | M3: 혼자 공부하는 바이브 코딩 with 클로드 코드. 국내 최초 북미 글로벌 IT 출판사 판권 계약 체결! 영어판 출간 확정하버드의과대학교수, 국회의원, 실리콘밸리 벤처캐피탈 창립파트너 등 국내외 전문가 강력 추천!코딩 몰라도, 아이디어만 있으면 앱을 만드는 시대... | N3: https://image.yes24.com/goods/167573138/xl
A4: 3 | B4: 192148896 | C4: 뚝딱 바로 써먹는 AI 3대장 챗GPT · 제미나이 · 클로드 | D4: https://www.yes24.com/product/goods/192148896 | E4: 코리아교육그룹 연구소 | F4: 안경다리BOOKS | G4: 2026년 06월 | H4: 19800 | I4: 22000 | J4: 0.1 | K4: 13017 | L4: 2026 | M4: 뚝딱 바로 써먹는 AI 3대장 챗GPT · 제미나이 · 클로드. 안경다리북스 ‘뚝딱’ 시리즈의 첫 번째 책3대 AI를 내 업무에 맞게 쓰는 가장 쉬운 방법처음이어도 바로 써먹는 직장인 AI 실전서남들은 다 AI로 편하게 일한다는데, 나만 뒤처지는 건 아닐까? ... | N4: https://image.yes24.com/goods/192148896/xl
A5: 4 | B5: 176901674 | C5: 이게 되네? 제미나이 완전 미친 활용법 81제 | D5: https://www.yes24.com/product/goods/176901674 | E5: 오힘찬 | F5: 골든래빗 | G5: 2026년 02월 | H5: 21600 | I5: 24000 | J5: 0.1 | K5: 77754 | L5: 2026 | M5: 이게 되네? 제미나이 완전 미친 활용법 81제. * AI 활용 5만 권 판매 베스트셀러 저자 오힘찬의 완전히 새로운 신간!* “메일 작성하기” 같은 시시한 거 싹 치우고 “AI 영상 만들기” 같은 더 미친 예제를 담아* 구글 AI 혁명의 중심, 〈제미나이〉가 ... | N5: https://image.yes24.com/goods/176901674/xl
A6: 5 | B6: 169849422 | C6: 요즘 교사를 위한 에듀테크 5대장 : 캔바, 패들렛, 북크리에이터, 노션, 챗GPT∙제미나이 | D6: https://www.yes24.com/product/goods/169849422 | E6: 안익재, 황의태 | F6: 앤써북 | G6: 2025년 12월 | H6: 17820 | I6: 19800 | J6: 0.1 | K6: 45189 | L6: 2025 | M6: 요즘 교사를 위한 에듀테크 5대장 : 캔바, 패들렛, 북크리에이터, 노션, 챗GPT∙제미나이. 요즘 교사들이 가장 많이 사용하는 5가지 에듀테크를 수업과 업무 완성에 어떻게 활용했고, 어떻게 활용할 수 있는지 50가지 주제별 실습과 100가지 실제 활용 사례와... | N6: https://image.yes24.com/goods/169849422/xl
A7: 6 | B7: 150566390 | C7: AI 시대의 질문력, 프롬프트 엔지니어링 | D7: https://www.yes24.com/product/goods/150566390 | E7: 류한석 | F7: 코리아닷컴(Korea.com) | G7: 2025년 08월 | H7: 24300 | I7: 27000 | J7: 0.1 | K7: 77439 | L7: 2025 | M7: AI 시대의 질문력, 프롬프트 엔지니어링. 대한민국 최고의 대기업과 공공기관이 선택한 프롬프트 엔지니어링 교과서당신의 질문력이 곧 당신의 경쟁력이다!책에 포함된 QR 코드를 통해 모든 프롬프트를 다운로드할 수 있다.이제 프롬프트는 새로운 교양이다. 누구나 써야... | N7: https://image.yes24.com/goods/150566390/xl
A8: 7 | B8: 193587161 | C8: 돈이 되네? 취미 그림이 전 세계로 팔리는 스톡 이미지 [홍차의 커스텀 브러시 제공＋승인율 가이드 전자책 제공] | D8: https://www.yes24.com/product/goods/193587161 | E8: 스튜디오 홍차 | F8: 골든래빗 | G8: 2026년 07월 | H8: 23220 | I8: 25800 | J8: 0.1 | K8: 4080 | L8: 2026 | M8: 돈이 되네? 취미 그림이 전 세계로 팔리는 스톡 이미지 [홍차의 커스텀 브러시 제공＋승인율 가이드 전자책 제공]. ★ 취미로 그린 그림이 평생 연금이 되는 마법! 1달러에서 월 300만 원이 된 수익화 파이프라인★ 네이버 블로그에 검색 최적화(SEO)가 있다면... | N8: https://image.yes24.com/goods/193587161/xl
A9: 8 | B9: 189818905 | C9: 하네스 엔지니어링 with 클로드 코드 | D9: https://www.yes24.com/product/goods/189818905 | E9: 황민호 | F9: 한빛미디어 | G9: 2026년 06월 | H9: 27000 | I9: 30000 | J9: 0.1 | K9: 20373 | L9: 2026 | M9: 하네스 엔지니어링 with 클로드 코드. 단일 에이전트 대신 ‘에이전트 팀’을 설계하라클로드 코드로 구축하는 최초의 하네스 실전 가이드 AI 에이전트를 도구로 쓰는 단계를 넘어, 스스로 일하는 에이전트 팀을 직접 설계하고 운영하는 방법인 하네스 엔지니어링을 체... | N9: https://image.yes24.com/goods/189818905/xl
A10: 9 | B10: 183751609 | C10: 한눈에 보는 AI 반도체 산업 | D10: https://www.yes24.com/product/goods/183751609 | E10: MrTrigger | F10: 한빛미디어 | G10: 2026년 03월 | H10: 23400 | I10: 26000 | J10: 0.1 | K10: 16320 | L10: 2026 | M10: 한눈에 보는 AI 반도체 산업. AI 반도체 생태계의 구조와 기술 흐름 + 글로벌 기업의 경쟁 구도와 산업 판도 + 투자자가 알아야 할 핵심 포인트를 한눈에! 코스피 열풍과 글로벌 증시를 이끄는 중심에는 AI 반도체 산업이 있다. 엔비디아, TSMC, 삼성전... | N10: https://image.yes24.com/goods/183751609/xl
A11: 10 | B11: 189413191 | C11: 요즘 교사를 위한 AI 바이브 코딩 활용 가이드 with 2022 개정 교육과정 | D11: https://www.yes24.com/product/goods/189413191 | E11: 공지훈, 곽수창, 박준효 | F11: 한빛미디어 | G11: 2026년 05월 | H11: 19800 | I11: 22000 | J11: 0.1 | K11: 11907 | L11: 2026 | M11: 요즘 교사를 위한 AI 바이브 코딩 활용 가이드 with 2022 개정 교육과정. 코딩을 몰라도, 상상만으로 나만의 에듀테크를 뚝딱!교사의 교육철학을 담은 맞춤형 수업 도구, 이제 바이브 코딩으로 직접 만드세요.* 실습용 PRD(Product Requireme... | N11: https://image.yes24.com/goods/189413191/xl
A12: 11 | B12: 189211422 | C12: 클로드 코드로 시작하는 실전 에이전틱 코딩 | D12: https://www.yes24.com/product/goods/189211422 | E12: Goos Kim | F12: 더 타이즈 | G12: 2026년 05월 | H12: 29700 | I12: 33000 | J12: 0.1 | K12: 21165 | L12: 2026 | M12: 클로드 코드로 시작하는 실전 에이전틱 코딩. | N12: https://image.yes24.com/goods/189211422/xl
A13: 12 | B13: 192877325 | C13: 챗GPT · 제미나이 · 클로드까지 모두를 위한 AI | D13: https://www.yes24.com/product/goods/192877325 | E13: 지현이 | F13: 시프트 | G13: 2026년 07월 | H13: 19800 | I13: 22000 | J13: 0.1 | K13: 5445 | L13: 2026 | M13: 챗GPT · 제미나이 · 클로드까지 모두를 위한 AI. “상상만 하던 아이디어가 현실이 된다.기초 질문 요령부터 이미지, 음악, 영상 생성, 그리고 숏폼 콘텐츠 제작까지 한 권으로 끝내는 생성형 AI 마스터 가이드!”AI가 세상을 바꾸고 있다는 이야기는 많이 ... | N13: https://image.yes24.com/goods/192877325/xl
... A251: 250 | B251: 193448340 | C251: AI와 라이프 아크 | D251: https://www.yes24.com/product/goods/193448340 | E251: 노유진 | F251: 커뮤니케이션북스 | G251: 2026년 07월 | H251: 12000 | I251: 12000 | J251: 0 | K251: 330 | L251: 2026 | M251: AI와 라이프 아크. 은퇴 이후의 커리어를 재취업이 아니라 경험 자산화의 문제로 다룬다. 1.9억 뷰를 기록한 여행 아카이브 사례를 바탕으로, 기록을 수집하고 재구성하며 플랫폼과 연결하는 ARC 체계를 제안한다. 생성형 AI는 대체자가 아니라 중장년의 경험을 ... | N251: https://image.yes24.com/goods/193448340/xl
A252: 251 | B252: 193350963 | C252: 그로스 IQ, 비즈니스 성장 바이블 | D252: https://www.yes24.com/product/goods/193350963 | E252: 티파니 보바 저/고현석 역 | F252: 골든래빗 | G252: 2026년 07월 | H252: 25200 | I252: 28000 | J252: 0.1 | K252: 180 | L252: 2026 | M252: 소개 정보 없음
A253: 252 | B253: 193183459 | C253: 생성형 AI로 완성하는 회계 · 세무실무 | D253: https://www.yes24.com/product/goods/193183459 | E253: 박현준 | F253: 도서출판배움 | G253: 2026년 04월 | H253: 10800 | I253: 12000 | J253: 0.1 | K253: 120 | L253: 2026 | M253: 소개 정보 없음
A254: 253 | B254: 192731324 | C254: AWS 교과서 | D254: https://www.yes24.com/product/goods/192731324 | E254: 서종호, 김원일, 김석필 | F254: 길벗 | G254: 2026년 07월 | H254: 34200 | I254: 38000 | J254: 0.1 | K254: 516 | L254: 2026 | M254: 소개 정보 없음
A255: 254 | B255: 192687429 | C255: 내 AI 천재로 키우는 법 1 | D255: https://www.yes24.com/product/goods/192687429 | E255: 이태종 | F255: 이태종NIE논술연구소 | G255: 2026년 07월 | H255: 22500 | I255: 25000 | J255: 0.1 | K255: 750 | L255: 2026 | M255: 소개 정보 없음
A256: 255 | B256: 192579676 | C256: AI를 활용한 실내디자인 프레젠테이션 스킬 | D256: https://www.yes24.com/product/goods/192579676 | E256: 박남용 | F256: 피앤피북 | G256: 2026년 07월 | H256: 20700 | I256: 23000 | J256: 0.1 | K256: 630 | L256: 2026 | M256: 소개 정보 없음
A257: 256 | B257: 192302542 | C257: 회사에서 바로 통하는 오토캐드 AutoCAD 2027 | D257: https://www.yes24.com/product/goods/192302542 | E257: 심미현 | F257: 한빛미디어 | G257: 2026년 06월 | H257: 26100 | I257: 29000 | J257: 0.1 | K257: 390 | L257: 2026 | M257: 소개 정보 없음
A258: 257 | B258: 192139754 | C258: 프롬프트 해부학 | D258: https://www.yes24.com/product/goods/192139754 | E258: 박민지 | F258: 루비페이퍼 | G258: 2026년 06월 | H258: 25200 | I258: 28000 | J258: 0.1 | K258: 999 | L258: 2026 | M258: 소개 정보 없음
A259: 258 | B259: 191852111 | C259: 준비 끝 다음 수업 AI 에듀테크 | D259: https://www.yes24.com/product/goods/191852111 | E259: 노희경 | F259: 비제이퍼블릭(BJ퍼블릭) | G259: 2026년 06월 | H259: 24750 | I259: 27500 | J259: 0.1 | K259: 999 | L259: 2026 | M259: 소개 정보 없음
A260: 259 | B260: 190213684 | C260: 이것이 멀티 에이전트다 | D260: https://www.yes24.com/product/goods/190213684 | E260: 서지영 | F260: 한빛미디어 | G260: 2026년 06월 | H260: 31500 | I260: 35000 | J260: 0.1 | K260: 678 | L260: 2026 | M260: 소개 정보 없음
A261: 260 | B261: 189823964 | C261: 유튜브 AI 비서 고용하기 제미나이 X 노트북LM X 구글 스프레드시트 | D261: https://www.yes24.com/product/goods/189823964 | E261: 조현정 | F261: 골든래빗 | G261: 2026년 06월 | H261: 21600 | I261: 24000 | J261: 0.1 | K261: 1584 | L261: 2026 | M261: 소개 정보 없음
A262: 261 | B262: 189759363 | C262: 트랜스포머 아키텍처로 배우는 AI 에이전트 with 랭체인 & 랭그래프 | D262: https://www.yes24.com/product/goods/189759363 | E262: 장철원 | F262: 한빛미디어 | G262: 2026년 05월 | H262: 35100 | I262: 39000 | J262: 0.1 | K262: 654 | L262: 2026 | M262: 소개 정보 없음
A263: 262 | B263: 189353153 | C263: 코딩 자율학습 FastAPI 파이썬 백엔드 개발 입문 | D263: https://www.yes24.com/product/goods/189353153 | E263: 신동현 | F263: 길벗 | G263: 2026년 05월 | H263: 25200 | I263: 28000 | J263: 0.1 | K263: 774 | L263: 2026 | M263: 소개 정보 없음
... A1001: 1000 | B1001: 130279113 | C1001: 블렌더로 애니 그림체 캐릭터를 만들어보자! : 모델링편 | D1001: https://www.yes24.com/product/goods/130279113 | E1001: 나츠모리 카츠 저/김모세 역 | F1001: AK(에이케이 커뮤니케이션즈) | G1001: 2024년 08월 | H1001: 38520 | I1001: 42800 | J1001: 0.1 | K1001: 1260 | L1001: 2024 | M1001: 소개 정보 없음
